{
    "loss": [
        2.228440523147583,
        2.186328411102295,
        2.150632858276367,
        2.0895137786865234,
        2.0410122871398926
    ],
    "binary_accuracy": [
        0.2571222484111786,
        0.2571222484111786,
        0.2571222484111786,
        0.2571222484111786,
        0.2571222484111786
    ],
    "false_negatives": [
        0.0,
        0.0,
        0.0,
        0.0,
        0.0
    ],
    "false_positives": [
        2060.0,
        2060.0,
        2060.0,
        2060.0,
        2060.0
    ],
    "binary_crossentropy": [
        2.228440523147583,
        2.186328411102295,
        2.150632858276367,
        2.0895137786865234,
        2.0410122871398926
    ],
    "f1_score": [
        0.3982686400413513,
        0.3962521255016327,
        0.3950119912624359,
        0.39890429377555847,
        0.39457181096076965
    ]
}