{
    "train": {
        "loss": [
            0.7986060380935669,
            0.7905980348587036,
            0.7827863693237305,
            0.7765231132507324,
            0.7719659805297852,
            0.7727188467979431,
            0.7652847766876221,
            0.7619225978851318,
            0.7586038112640381,
            0.755232572555542
        ],
        "binary_accuracy": [
            0.4814927279949188,
            0.47906553745269775,
            0.478762149810791,
            0.4820995032787323,
            0.4748179614543915,
            0.4723907709121704,
            0.4678398072719574,
            0.4875606894493103,
            0.47542476654052734,
            0.47087377309799194
        ],
        "false_negatives": [
            411.0,
            469.0,
            492.0,
            523.0,
            577.0,
            621.0,
            651.0,
            640.0,
            668.0,
            699.0
        ],
        "true_negatives": [
            350.0,
            400.0,
            422.0,
            464.0,
            494.0,
            530.0,
            545.0,
            599.0,
            587.0,
            603.0
        ],
        "false_positives": [
            1298.0,
            1248.0,
            1226.0,
            1184.0,
            1154.0,
            1118.0,
            1103.0,
            1049.0,
            1061.0,
            1045.0
        ],
        "true_positives": [
            1237.0,
            1179.0,
            1156.0,
            1125.0,
            1071.0,
            1027.0,
            997.0,
            1008.0,
            980.0,
            949.0
        ],
        "binary_crossentropy": [
            0.7986060380935669,
            0.7905980348587036,
            0.7827863693237305,
            0.7765231132507324,
            0.7719659805297852,
            0.7727188467979431,
            0.7652847766876221,
            0.7619225978851318,
            0.7586038112640381,
            0.755232572555542
        ],
        "f1_score": [
            0.5681064128875732,
            0.5499107241630554,
            0.5505850315093994,
            0.5442906022071838,
            0.5298895835876465,
            0.5152212977409363,
            0.5023992657661438,
            0.516928493976593,
            0.5042392015457153,
            0.4916541874408722
        ]
    },
    "eval": [
        0.7166381478309631,
        0.5230582356452942,
        163.0,
        182.0,
        230.0,
        249.0,
        0.7166381478309631,
        0.5220392942428589
    ]
}