{
    "train": {
        "loss": [
            0.7442044019699097,
            0.7320477962493896,
            0.7207522392272949,
            0.7129011154174805,
            0.7021359801292419,
            0.6912767887115479,
            0.6846446394920349,
            0.6797931790351868,
            0.6727157831192017,
            0.6639066338539124
        ],
        "binary_accuracy": [
            0.5170691013336182,
            0.524198591709137,
            0.535751461982727,
            0.5442860126495361,
            0.5575041770935059,
            0.5676519274711609,
            0.5743651390075684,
            0.5838884115219116,
            0.5912260413169861,
            0.6006453037261963
        ],
        "false_negatives": [
            4329.0,
            4174.0,
            4076.0,
            3947.0,
            3799.0,
            3713.0,
            3651.0,
            3578.0,
            3497.0,
            3476.0
        ],
        "true_negatives": [
            4657.0,
            4639.0,
            4763.0,
            4798.0,
            4904.0,
            5013.0,
            5080.0,
            5190.0,
            5250.0,
            5410.0
        ],
        "false_positives": [
            4951.0,
            4969.0,
            4845.0,
            4810.0,
            4704.0,
            4595.0,
            4528.0,
            4418.0,
            4358.0,
            4198.0
        ],
        "true_positives": [
            5279.0,
            5434.0,
            5532.0,
            5661.0,
            5809.0,
            5895.0,
            5957.0,
            6030.0,
            6111.0,
            6132.0
        ],
        "binary_crossentropy": [
            0.7442044019699097,
            0.7320477962493896,
            0.7207522392272949,
            0.7129011154174805,
            0.7021359801292419,
            0.6912767887115479,
            0.6846446394920349,
            0.6797931790351868,
            0.6727157831192017,
            0.6639066338539124
        ],
        "f1_score": [
            0.5255056619644165,
            0.5357536673545837,
            0.5466392040252686,
            0.5564179420471191,
            0.5703493356704712,
            0.5792786478996277,
            0.5860816836357117,
            0.5948134064674377,
            0.6013603806495667,
            0.6088047027587891
        ]
    },
    "eval": [
        0.6800007224082947,
        0.5834721326828003,
        1491.0,
        1892.0,
        510.0,
        911.0,
        0.6800007224082947,
        0.4657718539237976
    ]
}