{"train": {"loss": [0.8109763264656067, 0.7455578446388245, 0.7190655469894409, 0.7035062909126282, 0.691972017288208, 0.681780219078064, 0.6725714802742004, 0.6705273985862732, 0.6640258431434631, 0.6592003703117371], "binary_accuracy": [0.5456874966621399, 0.5608749985694885, 0.5710625052452087, 0.5773749947547913, 0.5804374814033508, 0.596875011920929, 0.6000624895095825, 0.604812502861023, 0.6113125085830688, 0.6145625114440918], "false_negatives": [2182.0, 3117.0, 3496.0, 3590.0, 3587.0, 3488.0, 3435.0, 3388.0, 3245.0, 3220.0], "true_negatives": [2999.0, 4177.0, 4719.0, 4914.0, 4960.0, 5124.0, 5122.0, 5151.0, 5112.0, 5139.0], "false_positives": [5087.0, 3909.0, 3367.0, 3172.0, 3126.0, 2962.0, 2964.0, 2935.0, 2974.0, 2947.0], "true_positives": [5732.0, 4797.0, 4418.0, 4324.0, 4327.0, 4426.0, 4479.0, 4526.0, 4669.0, 4694.0], "binary_crossentropy": [0.8109763264656067, 0.7455578446388245, 0.7190655469894409, 0.7035062909126282, 0.691972017288208, 0.681780219078064, 0.6725714802742004, 0.6705273985862732, 0.6640258431434631, 0.6592003703117371], "f1_score": [0.5822262763977051, 0.5470643639564514, 0.5288240313529968, 0.5254247188568115, 0.5271382927894592, 0.5423104763031006, 0.5478047728538513, 0.5493687987327576, 0.5609490275382996, 0.568074643611908]}, "eval": [0.6567485332489014, 0.6200000047683716, 874.0, 1376.0, 646.0, 1104.0, 0.6567485332489014, 0.5539140105247498]}