{"train": {"loss": [0.7789410352706909], "binary_accuracy": [0.523209810256958], "false_negatives": [8453.0], "true_negatives": [8899.0], "false_positives": [709.0], "true_positives": [1155.0], "binary_crossentropy": [0.7789410352706909], "f1_score": [0.19205842912197113]}, "eval": [0.7551681399345398, 0.5258118510246277, 2117.0, 2241.0, 161.0, 285.0, 0.7551681399345398, 0.1898403912782669]}