{"train": {"loss": [0.7678461670875549, 0.7202786207199097, 0.6972068548202515, 0.6847628951072693, 0.674604058265686, 0.6666553616523743, 0.6579737663269043, 0.6518105268478394, 0.6426036953926086, 0.6373270750045776], "binary_accuracy": [0.5, 0.5, 0.5, 0.5, 0.5, 0.5, 0.5, 0.5, 0.5, 0.5], "false_negatives": [0.0, 0.0, 0.0, 0.0, 0.0, 0.0, 0.0, 0.0, 0.0, 0.0], "true_negatives": [0.0, 0.0, 0.0, 0.0, 0.0, 0.0, 0.0, 0.0, 0.0, 0.0], "false_positives": [9608.0, 9608.0, 9608.0, 9608.0, 9608.0, 9608.0, 9608.0, 9608.0, 9608.0, 9608.0], "true_positives": [9608.0, 9608.0, 9608.0, 9608.0, 9608.0, 9608.0, 9608.0, 9608.0, 9608.0, 9608.0], "binary_crossentropy": [0.7678461670875549, 0.7202786207199097, 0.6972068548202515, 0.6847628951072693, 0.674604058265686, 0.6666553616523743, 0.6579737663269043, 0.6518105268478394, 0.6426036953926086, 0.6373270750045776], "f1_score": [0.6566459536552429, 0.6575257778167725, 0.6572719216346741, 0.656954824924469, 0.6572231650352478, 0.6561817526817322, 0.6572229266166687, 0.6563853621482849, 0.6572081446647644, 0.6568257212638855]}, "eval": [0.6464587450027466, 0.5, 0.0, 0.0, 2402.0, 2402.0, 0.6464587450027466, 0.6566197276115417]}