{"train": {"loss": [0.7939920425415039, 0.7519870400428772, 0.7307986617088318, 0.7172626256942749, 0.7058913707733154, 0.7002276182174683, 0.6953455805778503, 0.6840336322784424, 0.6839624643325806, 0.6801773905754089], "binary_accuracy": [0.5000298619270325, 0.5000298619270325, 0.5000298619270325, 0.5000298619270325, 0.5000298619270325, 0.5000298619270325, 0.5000298619270325, 0.5000298619270325, 0.5000298619270325, 0.5000298619270325], "false_negatives": [0.0, 0.0, 0.0, 0.0, 0.0, 0.0, 0.0, 0.0, 0.0, 0.0], "false_positives": [8368.0, 8368.0, 8368.0, 8368.0, 8368.0, 8368.0, 8368.0, 8368.0, 8368.0, 8368.0], "binary_crossentropy": [0.7939920425415039, 0.7519870400428772, 0.7307986617088318, 0.7172626256942749, 0.7058913707733154, 0.7002276182174683, 0.6953455805778503, 0.6840336322784424, 0.6839624643325806, 0.6801773905754089], "f1_score": [0.6566013097763062, 0.6560037732124329, 0.6564505100250244, 0.6563735604286194, 0.6571679711341858, 0.6575490832328796, 0.6571163535118103, 0.6573956608772278, 0.6571050882339478, 0.657390832901001]}, "eval": [0.6751254200935364, 0.49988052248954773, 0.0, 2093.0, 0.6751254200935364, 0.6559640169143677]}