{"train": {"loss": [0.9665060639381409, 0.9429932236671448, 0.9206485152244568, 0.8967356085777283, 0.879997968673706, 0.857393741607666, 0.8429428339004517, 0.8219555616378784, 0.8136257529258728, 0.804681122303009], "binary_accuracy": [0.5, 0.5, 0.5, 0.5, 0.5, 0.5, 0.5, 0.5, 0.5, 0.5], "false_negatives": [0.0, 0.0, 0.0, 0.0, 0.0, 0.0, 0.0, 0.0, 0.0, 0.0], "true_negatives": [0.0, 0.0, 0.0, 0.0, 0.0, 0.0, 0.0, 0.0, 0.0, 0.0], "false_positives": [1648.0, 1648.0, 1648.0, 1648.0, 1648.0, 1648.0, 1648.0, 1648.0, 1648.0, 1648.0], "true_positives": [1648.0, 1648.0, 1648.0, 1648.0, 1648.0, 1648.0, 1648.0, 1648.0, 1648.0, 1648.0], "binary_crossentropy": [0.9665060639381409, 0.9429932236671448, 0.9206485152244568, 0.8967356085777283, 0.879997968673706, 0.857393741607666, 0.8429428339004517, 0.8219555616378784, 0.8136257529258728, 0.804681122303009], "f1_score": [0.6571360230445862, 0.6585091948509216, 0.658494234085083, 0.6588097214698792, 0.6581383347511292, 0.6579922437667847, 0.6565934419631958, 0.6559171676635742, 0.6560195684432983, 0.6571361422538757]}, "eval": [0.7499099969863892, 0.5, 0.0, 0.0, 412.0, 412.0, 0.7499099969863892, 0.6580604314804077]}