{
    "loss": [
        0.7490605711936951,
        0.7250223755836487,
        0.7109245657920837,
        0.706111490726471,
        0.7015329599380493,
        0.6980962753295898,
        0.6939812302589417,
        0.6899359822273254,
        0.6847351789474487,
        0.6850032210350037,
        0.6818682551383972,
        0.6803680658340454,
        0.6733413338661194,
        0.6712996363639832,
        0.6680863499641418,
        0.6636146903038025,
        0.6635252237319946,
        0.6605638861656189,
        0.6566397547721863,
        0.6565005779266357
    ],
    "binary_accuracy": [
        0.5000298619270325,
        0.5000298619270325,
        0.5000298619270325,
        0.5000298619270325,
        0.5000298619270325,
        0.5000298619270325,
        0.5000298619270325,
        0.5000298619270325,
        0.5000298619270325,
        0.5000298619270325,
        0.5000298619270325,
        0.5000298619270325,
        0.5000298619270325,
        0.5000298619270325,
        0.5000298619270325,
        0.5000298619270325,
        0.5000298619270325,
        0.5000298619270325,
        0.5000298619270325,
        0.5000298619270325
    ],
    "false_negatives": [
        0.0,
        0.0,
        0.0,
        0.0,
        0.0,
        0.0,
        0.0,
        0.0,
        0.0,
        0.0,
        0.0,
        0.0,
        0.0,
        0.0,
        0.0,
        0.0,
        0.0,
        0.0,
        0.0,
        0.0
    ],
    "false_positives": [
        8368.0,
        8368.0,
        8368.0,
        8368.0,
        8368.0,
        8368.0,
        8368.0,
        8368.0,
        8368.0,
        8368.0,
        8368.0,
        8368.0,
        8368.0,
        8368.0,
        8368.0,
        8368.0,
        8368.0,
        8368.0,
        8368.0,
        8368.0
    ],
    "binary_crossentropy": [
        0.7490605711936951,
        0.7250223755836487,
        0.7109245657920837,
        0.706111490726471,
        0.7015329599380493,
        0.6980962753295898,
        0.6939812302589417,
        0.6899359822273254,
        0.6847351789474487,
        0.6850032210350037,
        0.6818682551383972,
        0.6803680658340454,
        0.6733413338661194,
        0.6712996363639832,
        0.6680863499641418,
        0.6636146903038025,
        0.6635252237319946,
        0.6605638861656189,
        0.6566397547721863,
        0.6565005779266357
    ],
    "f1_score": [
        0.6565099954605103,
        0.6572809815406799,
        0.657372772693634,
        0.6575597524642944,
        0.6570616960525513,
        0.656841516494751,
        0.6582529544830322,
        0.6554944515228271,
        0.6576275825500488,
        0.6563271284103394,
        0.657981812953949,
        0.6572445034980774,
        0.657986581325531,
        0.6574507355690002,
        0.657882571220398,
        0.657235324382782,
        0.6572396755218506,
        0.6585144996643066,
        0.6575286984443665,
        0.6564683318138123
    ]
}