{"loss": [1.2535293102264404], "binary_accuracy": [0.2571222484111786], "false_negatives": [0.0], "false_positives": [2060.0], "binary_crossentropy": [1.2535293102264404], "f1_score": [0.3953336477279663]}