{"train": {"loss": [0.8357175588607788, 0.7271719574928284, 0.703515887260437, 0.6949499845504761, 0.6932857632637024, 0.685104489326477, 0.6817997097969055, 0.6761412620544434, 0.6740217804908752, 0.6674620509147644], "binary_accuracy": [0.5226145386695862, 0.5556551218032837, 0.5738185048103333, 0.5801517367362976, 0.5836171507835388, 0.5888749361038208, 0.5944912433624268, 0.5995100736618042, 0.6033936738967896, 0.6112803816795349], "false_negatives": [857.0, 2057.0, 2817.0, 3144.0, 3252.0, 3321.0, 3238.0, 3242.0, 3239.0, 3113.0], "true_negatives": [1235.0, 2988.0, 4052.0, 4485.0, 4651.0, 4808.0, 4819.0, 4907.0, 4969.0, 4975.0], "false_positives": [7133.0, 5380.0, 4316.0, 3883.0, 3717.0, 3560.0, 3549.0, 3461.0, 3399.0, 3393.0], "true_positives": [7512.0, 6312.0, 5552.0, 5225.0, 5117.0, 5048.0, 5131.0, 5127.0, 5130.0, 5256.0], "binary_crossentropy": [0.8357175588607788, 0.7271719574928284, 0.703515887260437, 0.6949499845504761, 0.6932857632637024, 0.685104489326477, 0.6817997097969055, 0.6761412620544434, 0.6740217804908752, 0.6674620509147644], "f1_score": [0.6287935376167297, 0.6028265357017517, 0.5779272317886353, 0.5655691623687744, 0.563734233379364, 0.5616445541381836, 0.5707954168319702, 0.5710974931716919, 0.5712361335754395, 0.5829187631607056]}, "eval": [0.679874837398529, 0.5990442037582397, 1268.0, 1683.0, 410.0, 824.0, 0.679874837398529, 0.45464321970939636]}