{
    "train": {
        "loss": [
            0.9830306172370911,
            0.7602385878562927,
            0.692471981048584,
            0.6704007387161255,
            0.6574659943580627,
            0.6441013813018799,
            0.6356565356254578,
            0.6266869902610779,
            0.6158500909805298,
            0.6068087816238403
        ],
        "binary_accuracy": [
            0.5016132593154907,
            0.5230537056922913,
            0.5579204559326172,
            0.5826394557952881,
            0.5999167561531067,
            0.6236469745635986,
            0.6354600191116333,
            0.6527893543243408,
            0.6681931614875793,
            0.6764675378799438
        ],
        "false_negatives": [
            9511.0,
            8244.0,
            5961.0,
            4584.0,
            3911.0,
            3615.0,
            3449.0,
            3233.0,
            3139.0,
            3016.0
        ],
        "true_negatives": [
            9542.0,
            8687.0,
            7074.0,
            6172.0,
            5831.0,
            5991.0,
            6052.0,
            6169.0,
            6371.0,
            6407.0
        ],
        "false_positives": [
            66.0,
            921.0,
            2534.0,
            3436.0,
            3777.0,
            3617.0,
            3556.0,
            3439.0,
            3237.0,
            3201.0
        ],
        "true_positives": [
            97.0,
            1364.0,
            3647.0,
            5024.0,
            5697.0,
            5993.0,
            6159.0,
            6375.0,
            6469.0,
            6592.0
        ],
        "binary_crossentropy": [
            0.9830306172370911,
            0.7602385878562927,
            0.692471981048584,
            0.6704007387161255,
            0.6574659943580627,
            0.6441013813018799,
            0.6356565356254578,
            0.6266869902610779,
            0.6158500909805298,
            0.6068087816238403
        ],
        "f1_score": [
            0.01502220332622528,
            0.18719039857387543,
            0.41698285937309265,
            0.5198479890823364,
            0.5631299018859863,
            0.5885942578315735,
            0.6045344471931458,
            0.622443437576294,
            0.6360265612602234,
            0.6485589742660522
        ]
    },
    "eval": [
        0.6741045117378235,
        0.5832639336585999,
        86.0,
        486.0,
        1916.0,
        2316.0,
        0.6741045117378235,
        0.6762418150901794
    ]
}