{"train": {"loss": [0.7769855260848999, 0.7709877490997314, 0.7632039189338684], "binary_accuracy": [0.49939319491386414, 0.49787622690200806, 0.500910222530365], "false_negatives": [1044.0, 1039.0, 1009.0], "true_negatives": [1042.0, 1032.0, 1012.0], "false_positives": [606.0, 616.0, 636.0], "true_positives": [604.0, 609.0, 639.0], "binary_crossentropy": [0.7769855260848999, 0.7709877490997314, 0.7632039189338684], "f1_score": [0.4076070189476013, 0.40511658787727356, 0.41601991653442383]}, "eval": [0.7519983053207397, 0.5291262269020081, 232.0, 256.0, 156.0, 180.0, 0.7519983053207397, 0.47407227754592896]}